City_ID,City,Lat,Lng,Max Temp,Humidity,Cloudiness,Wind Speed,Country,Date
0,bethel,41.3712,-73.414,37.76,84,100,0.0,US,1675826168
1,jamestown,42.097,-79.2353,37.04,93,100,13.8,US,1675826085
2,ostrovnoy,68.0531,39.5131,30.56,77,9,22.59,RU,1675826170
3,new norfolk,-42.7826,147.0587,62.1,32,5,4.54,AU,1675826171
4,camopi,3.1655,-52.3158,71.65,99,100,1.79,GF,1675826173
5,rikitea,-23.1203,-134.9692,79.84,69,37,9.04,PF,1675826021
6,hermanus,-34.4187,19.2345,66.79,83,0,11.92,ZA,1675826175
7,ushuaia,-54.8,-68.3,47.82,89,99,7.07,AR,1675825916
8,ribeira grande,38.5167,-28.7,54.77,67,27,5.01,PT,1675826112
9,mataura,-46.1927,168.8643,51.48,51,64,11.68,NZ,1675826178
10,asfi,32.2994,-9.2372,55.8,80,6,12.82,MA,1675826178
11,busselton,-33.65,115.3333,78.98,44,0,1.61,AU,1675826179
12,fomboni,-12.28,43.7425,82.18,74,100,14.12,KM,1675826180
13,ponta do sol,32.6667,-17.1,59.63,62,37,8.32,PT,1675825966
14,vostok,46.4856,135.8833,4.28,75,61,12.28,RU,1675826181
15,kavaratti,10.5669,72.642,79.88,71,93,12.26,IN,1675826181
16,thompson,55.7435,-97.8558,4.14,98,99,2.86,CA,1675825692
17,porto novo,6.4965,2.6036,77.54,86,96,4.45,BJ,1675826183
18,namibe,-15.1961,12.1522,69.69,76,96,5.39,AO,1675826183
19,puerto maldonado,-12.6,-69.1833,72.0,98,67,1.14,PE,1675826185
20,tiksi,71.6872,128.8694,-34.17,99,99,5.99,RU,1675826187
21,vizinga,61.0749,50.1031,17.92,94,100,9.06,RU,1675826189
22,karratha,-20.7377,116.8463,95.13,37,42,10.09,AU,1675826030
23,portland,45.5234,-122.6762,46.35,88,20,5.01,US,1675826193
24,cape town,-33.9258,18.4232,69.91,74,0,14.0,ZA,1675826041
25,pokhara,28.2333,83.9833,61.61,44,48,1.57,NP,1675826194
26,arica,-18.475,-70.3042,74.75,78,0,5.75,CL,1675826194
27,cayenne,4.9333,-52.3333,77.04,88,20,3.44,GF,1675826194
28,longyearbyen,78.2186,15.6401,24.64,68,40,19.57,SJ,1675826195
29,georgetown,5.4112,100.3354,85.93,69,20,10.36,MY,1675826195
30,puerto ayora,-0.7393,-90.3518,79.56,92,55,5.01,EC,1675826122
31,uttaradit,17.6667,100.5,86.09,32,5,4.14,TH,1675826196
32,bluff,-46.6,168.3333,51.8,64,49,27.0,NZ,1675826196
33,cap malheureux,-19.9842,57.6142,78.48,79,32,5.99,MU,1675826197
34,bredasdorp,-34.5322,20.0403,64.85,81,7,6.55,ZA,1675826197
35,los llanos de aridane,28.6585,-17.9182,53.35,62,20,6.91,ES,1675826198
36,dikson,73.5069,80.5464,-6.27,91,100,22.73,RU,1675826198
37,barrow,71.2906,-156.7887,-2.18,78,100,10.36,US,1675825908
38,sale,34.0389,-6.8166,51.75,81,40,8.05,MA,1675826199
39,broken hill,-31.95,141.4333,87.37,15,0,11.79,AU,1675826199
40,butaritari,3.0707,172.7902,81.05,81,100,21.61,KI,1675825966
41,san roque,36.2107,-5.3842,52.63,82,75,8.05,ES,1675826200
42,korla,41.7597,86.1469,31.32,81,13,2.62,CN,1675826200
43,voiron,45.3639,5.5921,31.42,80,3,1.59,FR,1675826201
44,bengkulu,-3.8004,102.2655,83.62,57,65,7.02,ID,1675825970
45,mihaesti,45.0333,24.25,23.04,78,45,2.95,RO,1675826201
46,gandzak,40.3147,45.1114,18.09,93,100,2.17,AM,1675826202
47,peniche,39.3558,-9.3811,45.45,80,3,8.9,PT,1675826202
48,east london,-33.0153,27.9116,70.66,83,100,10.27,ZA,1675826107
49,chengde,40.9725,117.9361,29.93,32,7,4.52,CN,1675826203
50,dalvik,65.9702,-18.5286,24.73,81,92,13.02,IS,1675826203
51,san-pedro,4.7485,-6.6363,77.7,90,67,5.32,CI,1675826203
52,ilulissat,69.2167,-51.1,-16.58,76,40,6.91,GL,1675826120
53,margate,51.3813,1.3862,39.43,68,63,2.86,GB,1675826204
54,isangel,-19.55,169.2667,81.68,77,93,3.29,VU,1675826204
55,saint george,37.1041,-113.5841,46.99,47,0,3.0,US,1675826205
56,marawi,7.9986,124.2928,78.39,56,72,5.06,PH,1675826205
57,mindelo,16.8901,-24.9804,67.55,52,20,13.8,CV,1675826206
58,trincomalee,8.5711,81.2335,79.18,79,92,12.44,LK,1675826206
59,kapaa,22.0752,-159.319,78.78,85,75,16.11,US,1675826206
60,mehamn,71.0357,27.8492,35.55,64,35,18.41,NO,1675825981
61,norman wells,65.282,-126.8329,-7.56,77,75,4.61,CA,1675826192
62,lompoc,34.6391,-120.4579,52.02,84,0,11.99,US,1675826207
63,vaini,-21.2,-175.2,84.36,79,40,5.75,TO,1675826207
64,chokurdakh,70.6333,147.9167,-35.82,99,100,3.44,RU,1675826208
65,kodiak,57.79,-152.4072,24.31,54,0,10.36,US,1675826208
66,mareeba,-17.0,145.4333,87.44,71,92,4.38,AU,1675826208
67,marystown,47.1666,-55.1483,24.91,74,100,22.97,CA,1675826209
68,anloga,5.7947,0.8973,80.19,81,25,10.36,GH,1675826209
69,lagoa,39.05,-27.9833,55.69,58,98,14.0,PT,1675825895
70,punta arenas,-53.15,-70.9167,53.71,76,0,3.44,CL,1675826210
71,paarl,-33.7338,18.9752,67.32,85,0,8.72,ZA,1675826210
72,vardo,70.3705,31.1107,30.18,80,10,24.16,NO,1675826211
73,yellowknife,62.456,-114.3525,-3.44,84,100,6.91,CA,1675826211
74,hithadhoo,-0.6,73.0833,81.19,72,15,7.52,MV,1675826211
75,oistins,13.0667,-59.5333,75.29,88,40,11.5,BB,1675826212
76,somers,42.6403,-87.9104,35.47,72,0,6.91,US,1675826212
77,cidreira,-30.1811,-50.2056,75.36,81,10,14.34,BR,1675826213
78,khvoynaya,58.9,34.5333,23.43,93,100,10.33,RU,1675826213
79,abnub,27.2696,31.1511,45.86,60,85,3.36,EG,1675826213
80,albany,42.6001,-73.9662,35.28,78,97,3.0,US,1675826163
81,tual,-5.6667,132.75,81.86,77,99,21.25,ID,1675826214
82,labuan,5.2767,115.2417,84.56,79,20,8.05,MY,1675826214
83,cascais,38.6979,-9.4215,49.51,73,24,11.99,PT,1675826215
84,pisco,-13.7,-76.2167,73.45,88,0,11.5,PE,1675826215
85,rehli,23.6333,79.0833,62.92,34,0,3.13,IN,1675826216
86,palaikastron,35.2,26.25,45.55,57,86,28.01,GR,1675826216
87,geraldton,-28.7667,114.6,91.81,29,0,9.22,AU,1675826216
88,laguna,38.421,-121.4238,52.92,76,0,0.0,US,1675826217
89,port elizabeth,-33.918,25.5701,67.32,90,0,8.05,ZA,1675826217
90,nikolskoye,59.7035,30.7861,28.29,86,100,10.04,RU,1675826218
91,hammerfest,70.6634,23.6821,36.05,64,0,17.27,NO,1675826218
92,chuy,-33.6971,-53.4616,69.46,82,18,6.76,UY,1675826218
93,hobart,-42.8794,147.3294,62.46,69,75,13.8,AU,1675826035
94,tutoia,-2.7619,-42.2744,75.69,90,100,5.82,BR,1675826041
95,iberia,29.9502,-91.7507,69.87,86,67,7.29,US,1675826219
96,fukue,32.6881,128.8419,57.56,54,75,12.66,JP,1675826220
97,taubate,-23.0264,-45.5553,67.8,99,100,1.68,BR,1675826010
98,kieta,-6.2167,155.6333,85.73,67,31,8.43,PG,1675826220
99,sao filipe,14.8961,-24.4956,68.23,69,20,9.82,CV,1675826221
100,cabo san lucas,22.8909,-109.9124,69.51,61,75,1.01,MX,1675825995
101,ilebo,-4.3167,20.5833,70.36,95,100,2.04,CD,1675826221
102,saskylakh,71.9167,114.0833,-29.52,100,100,0.11,RU,1675826222
103,nanao,37.05,136.9667,46.6,93,98,9.69,JP,1675826222
104,sept-iles,50.2001,-66.3821,21.63,81,75,17.27,CA,1675826223
105,hilo,19.7297,-155.09,77.29,88,100,10.36,US,1675826054
106,tadine,-21.55,167.8833,81.46,77,100,10.78,NC,1675826225
107,pevek,69.7008,170.3133,-21.84,95,100,3.29,RU,1675826193
108,poso,-1.3959,120.7524,82.85,70,100,3.8,ID,1675826226
109,lethem,3.3803,-59.7968,77.54,74,31,11.1,GY,1675826227
110,algiers,36.7525,3.042,44.42,93,75,3.44,DZ,1675826228
111,tuktoyaktuk,69.4541,-133.0374,-23.8,76,100,3.44,CA,1675826229
112,tilichiki,60.4667,166.1,-18.63,90,65,9.78,RU,1675826229
113,saint-joseph,-21.3667,55.6167,79.18,80,77,13.49,RE,1675826230
114,leningradskiy,69.3833,178.4167,-24.48,95,100,4.88,RU,1675826232
115,siocon,7.7061,122.1353,84.6,65,100,3.91,PH,1675826233
116,sivas,39.7916,37.0019,12.83,92,100,8.05,TR,1675826235
117,port alfred,-33.5906,26.891,68.18,92,100,3.0,ZA,1675826236
118,boa vista,2.8197,-60.6733,80.58,69,40,12.66,BR,1675826237
119,maromitsa,59.8683,48.0123,16.02,95,99,9.69,RU,1675826237
120,atuona,-9.8,-139.0333,79.16,75,24,16.69,PF,1675826107
121,hambantota,6.1241,81.1185,79.72,75,97,16.51,LK,1675826238
122,lebu,-37.6167,-73.65,58.78,88,0,17.43,CL,1675826239
123,san quintin,30.4833,-115.95,58.48,52,0,2.19,MX,1675826240
124,camacha,33.0833,-16.3333,54.82,77,40,14.97,PT,1675826240
125,izhma,65.0083,53.9113,23.34,94,100,9.84,RU,1675826241
126,klyuchi,52.2667,79.1667,-7.53,100,94,3.62,RU,1675826242
127,poum,-20.2333,164.0167,80.17,85,100,15.88,NC,1675826243
128,qaanaaq,77.484,-69.3632,-25.42,67,6,6.13,GL,1675826244
129,carnarvon,-24.8667,113.6333,85.69,50,1,15.14,AU,1675826244
130,anda,46.4,125.3167,12.38,67,5,6.71,CN,1675826245
131,alofi,-19.0595,-169.9187,82.29,83,100,8.05,NU,1675826248
132,shitanjing,39.2342,106.3439,29.68,39,100,6.73,CN,1675826252
133,luyang,27.6239,110.0989,46.94,95,100,2.33,CN,1675826253
134,college,64.8569,-147.8028,6.78,78,75,0.0,US,1675826253
135,sahiwal,30.6667,73.1,56.16,37,31,0.83,PK,1675826254
136,arman,59.7,150.1667,-10.98,75,33,7.67,RU,1675826254
137,esperance,-33.8667,121.9,71.62,64,78,11.65,AU,1675826255
138,kulhudhuffushi,6.6221,73.07,80.17,71,70,8.77,MV,1675826255
139,san rafael,-34.6177,-68.3301,72.18,54,25,16.55,AR,1675826255
140,teguise,29.0605,-13.564,53.82,77,0,0.0,ES,1675826256
141,praia,14.9215,-23.5087,66.74,63,75,18.41,CV,1675826028
142,bandarbeyla,9.4942,50.8122,76.98,72,98,14.25,SO,1675826142
143,jaffna,9.6685,80.0074,78.6,79,40,10.83,LK,1675826257
144,rudiskes,54.5167,24.8333,24.1,90,86,5.01,LT,1675826257
145,vyazemskiy,47.5378,134.7525,1.2,75,2,11.79,RU,1675826257
146,kruisfontein,-34.0033,24.7314,64.89,83,100,4.41,ZA,1675826258
147,cherskiy,68.75,161.3,-27.76,95,100,5.64,RU,1675826258
148,khatanga,71.9667,102.5,-47.51,100,63,2.93,RU,1675826038
149,port lincoln,-34.7333,135.8667,74.95,57,23,8.72,AU,1675826259
150,arecibo,18.4724,-66.7157,75.24,93,13,13.6,PR,1675826259
151,meulaboh,4.1363,96.1285,81.81,69,84,0.92,ID,1675826260
152,dingle,10.9995,122.6711,81.63,72,100,16.35,PH,1675826260
153,flinders,-34.5833,150.8552,71.19,89,100,1.99,AU,1675826261
154,kaoma,-14.7833,24.8,62.13,99,98,4.27,ZM,1675826261
155,santa rosa,14.3122,121.1114,87.1,69,100,13.47,PH,1675826186
156,salalah,17.0151,54.0924,68.09,56,0,4.61,OM,1675826261
157,mitsamiouli,-11.3847,43.2844,81.01,78,100,10.69,KM,1675826262
158,broome,42.2506,-75.833,39.67,77,100,11.5,US,1675826262
159,hami,42.8,93.45,34.11,66,100,3.15,CN,1675826263
160,hovd,48.0056,91.6419,3.18,76,98,0.4,MN,1675826263
161,mahebourg,-20.4081,57.7,79.09,83,40,11.5,MU,1675826263
162,zyryanka,65.75,150.85,-26.79,91,100,4.16,RU,1675826264
163,taguisa,6.6983,124.0358,83.79,57,96,2.51,PH,1675826264
164,pundaguitan,6.3711,126.1689,79.45,73,96,6.26,PH,1675826265
165,daru,-9.0763,143.2092,85.24,70,99,10.4,PG,1675826265
166,lata,40.1629,-8.3327,48.07,82,31,5.46,PT,1675826083
167,vanimo,-2.6741,141.3028,77.63,95,100,8.32,PG,1675826266
168,arraial do cabo,-22.9661,-42.0278,74.75,92,100,2.33,BR,1675826266
169,san felipe,10.3399,-68.7425,70.99,96,100,5.73,VE,1675826266
170,roald,62.5833,6.1333,46.54,49,84,24.16,NO,1675826267
171,kloulklubed,7.0419,134.2556,84.7,77,100,18.1,PW,1675826267
172,labuhan,-6.8844,112.2051,77.99,86,100,7.02,ID,1675826267
173,victoria,22.2855,114.1577,68.38,83,97,13.0,HK,1675826165
174,garissa,-0.4536,39.6401,74.12,84,10,6.49,KE,1675826268
175,tasiilaq,65.6145,-37.6368,-0.24,39,0,26.84,GL,1675826268
176,yatou,37.15,122.3833,39.2,50,89,12.82,CN,1675826269
177,bacolod,10.6667,122.95,83.37,66,100,13.15,PH,1675826269
178,airai,-8.9266,125.4092,70.25,79,80,3.33,TL,1675826269
179,prince george,53.9166,-122.753,33.26,94,100,5.75,CA,1675826153
180,kerrville,30.0474,-99.1403,51.31,91,100,14.97,US,1675826270
181,saint-georges,12.0564,-61.7485,76.68,83,75,10.36,GD,1675826176
182,djibo,14.1022,-1.6306,76.59,16,95,9.51,BF,1675826270
183,salinopolis,-0.6136,-47.3561,78.35,86,100,9.24,BR,1675826271
184,dergachi,51.2328,48.7659,4.91,94,6,12.37,RU,1675826271
185,solnechnyy,50.7214,136.6319,-3.73,79,85,6.96,RU,1675826080
186,naze,28.3667,129.4833,65.32,67,95,14.34,JP,1675826272
187,ust-maya,60.4167,134.5333,-26.91,92,100,0.45,RU,1675826272
188,iqaluit,63.7506,-68.5145,-27.67,75,40,5.75,CA,1675826272
189,vicuna,-30.0319,-70.7081,56.93,59,30,1.79,CL,1675826273
190,upernavik,72.7868,-56.1549,-22.7,95,47,4.05,GL,1675825990
191,soyo,-6.1349,12.3689,78.89,83,84,6.44,AO,1675825976
192,phitsanulok,16.9167,100.5,89.55,42,2,5.39,TH,1675826200
193,uruzgan,32.8333,66.0,36.5,83,97,5.84,AF,1675826273
194,komsomolskiy,40.4272,71.7189,32.72,80,99,6.91,UZ,1675826274
195,susehri,40.1644,38.0867,7.54,91,96,2.37,TR,1675826274
196,codrington,-38.2667,141.9667,66.56,58,80,15.08,AU,1675826275
197,bilma,18.6853,12.9164,66.18,22,100,7.14,NE,1675826275
198,chara,56.9064,118.2631,-4.23,73,87,2.57,RU,1675826275
199,kyabe,9.4515,18.9449,75.31,17,7,5.75,TD,1675826276
200,pirogovskiy,55.9781,37.7336,19.74,79,100,11.18,RU,1675826276
201,avarua,-21.2078,-159.775,84.25,74,34,10.36,CK,1675826276
202,ryotsu,38.0833,138.4333,42.49,75,71,8.21,JP,1675826277
203,coquimbo,-29.9533,-71.3436,64.13,88,100,5.75,CL,1675826277
204,montevideo,-34.8335,-56.1674,76.71,66,0,11.5,UY,1675826277
205,ponta delgada,37.7333,-25.6667,56.12,82,75,9.22,PT,1675826278
206,verkhniye tatyshly,56.2912,55.8575,-12.23,100,88,3.15,RU,1675826278
207,howard springs,-12.497,131.047,89.82,58,44,7.99,AU,1675826278
208,svetlogorsk,52.6333,29.7333,9.95,97,61,2.3,BY,1675826279
209,kushmurun,52.4503,64.6311,6.15,96,100,9.4,KZ,1675826279
210,hibbing,47.4272,-92.9377,29.55,40,0,0.0,US,1675826280
211,mantua,45.1667,10.7833,30.94,75,0,2.51,IT,1675826280
212,ukiah,39.1502,-123.2078,51.64,80,0,3.44,US,1675826281
213,tessalit,20.1986,1.0114,67.98,14,57,8.23,ML,1675826281
214,vila,42.0304,-8.1588,38.28,80,71,8.59,PT,1675826282
215,roma,43.2128,-75.4557,43.83,78,100,4.0,US,1675826282
216,pokosnoye,55.5258,101.0536,9.09,90,100,4.12,RU,1675826282
217,kindu,-2.95,25.95,69.89,95,95,2.55,CD,1675826283
218,mackay,-21.15,149.2,84.69,80,98,21.72,AU,1675826283
219,marsaxlokk,35.8419,14.5431,48.81,81,100,14.97,MT,1675826284
220,kahului,20.8947,-156.47,77.02,77,40,21.85,US,1675826055
221,kano,12.0001,8.5167,60.69,51,90,2.3,NG,1675826284
222,saint-michel-des-saints,46.6834,-73.9159,32.97,97,100,12.64,CA,1675826285
223,hailun,47.45,126.9333,5.65,85,100,3.33,CN,1675826285
224,san juan,-31.5375,-68.5364,90.82,23,36,14.27,AR,1675826192
225,nagato,34.3833,131.2,51.62,53,10,11.95,JP,1675826170
226,pringsewu,-5.3582,104.9744,84.52,67,94,2.08,ID,1675826286
227,agen,44.2,0.6333,33.89,80,0,5.75,FR,1675826052
228,san patricio,28.017,-97.5169,71.89,82,92,13.49,US,1675826286
229,balkanabat,39.5108,54.3671,46.69,71,100,10.09,TM,1675826287
230,hanko,59.8333,22.95,36.05,95,100,21.99,FI,1675826287
231,bubaque,11.2833,-15.8333,75.22,65,5,13.69,GW,1675826287
232,avera,33.194,-82.5271,48.38,59,66,4.05,US,1675826288
233,malakal,9.5334,31.6605,73.09,17,0,10.16,SS,1675826288
234,port hardy,50.6996,-127.4199,39.38,93,75,5.75,CA,1675826289
235,ossora,59.2353,163.0719,-9.2,85,84,6.11,RU,1675826289
236,mar del plata,-38.0023,-57.5575,74.08,94,0,20.0,AR,1675826185
237,maningrida,-12.0667,134.2667,91.76,53,91,5.59,AU,1675826290
238,adrar,20.5022,-10.0711,58.24,24,100,11.27,MR,1675826290
239,port-gentil,-0.7193,8.7815,80.62,80,92,8.75,GA,1675826290
240,fairbanks,64.8378,-147.7164,6.8,78,100,0.0,US,1675826291
241,nuuk,64.1835,-51.7216,7.88,78,100,5.01,GL,1675826282
242,altay,47.8667,88.1167,18.79,75,100,3.15,CN,1675826291
243,sao joao da barra,-21.6403,-41.0511,73.76,94,100,3.78,BR,1675826151
244,redmond,47.674,-122.1215,46.78,82,31,5.01,US,1675826123
245,mecca,21.4267,39.8261,61.3,60,47,11.23,SA,1675826150
246,coahuayana,18.7333,-103.6833,71.26,91,18,2.35,MX,1675826292
247,talnakh,69.4865,88.3972,-9.53,98,98,7.38,RU,1675826292
248,pangai,-19.8,-174.35,84.31,70,20,8.05,TO,1675826293
249,wattegama,6.7989,81.4808,78.24,78,100,7.87,LK,1675826293
250,hamilton,39.1834,-84.5333,51.89,91,100,6.91,US,1675826293
251,gambiran,-6.7988,111.4951,75.16,93,100,3.78,ID,1675826294
252,erdenet,49.0333,104.0833,4.84,89,32,3.47,MN,1675826294
253,king city,36.2127,-121.126,49.62,69,82,2.59,US,1675826294
254,mezen,65.8522,44.24,33.96,94,98,10.85,RU,1675826295
255,ambilobe,-13.2,49.05,73.33,94,100,1.97,MG,1675826295
256,olafsvik,64.8945,-23.7142,27.77,56,100,29.28,IS,1675826295
257,valmiera,57.5411,25.4275,30.42,89,99,10.74,LV,1675826296
258,albury,-36.0833,146.9167,91.02,99,0,3.0,AU,1675826164
259,hengshui,37.7322,115.7011,40.62,35,100,7.96,CN,1675826296
260,nome,64.5011,-165.4064,-9.33,77,0,0.0,US,1675826297
261,novyy urgal,51.0736,132.5642,-17.19,84,84,0.63,RU,1675826297
262,yaan,7.3833,8.5667,76.8,20,45,4.9,NG,1675826297
263,kavieng,-2.5744,150.7967,81.99,77,100,8.81,PG,1675826298
264,rio grande,-32.035,-52.0986,73.98,72,0,15.41,BR,1675826035
265,weligama,5.9667,80.4167,76.71,87,91,4.88,LK,1675826298
266,saldanha,-33.0117,17.9442,63.72,89,0,11.79,ZA,1675826299
267,machilipatnam,16.1667,81.1333,75.56,71,100,4.25,IN,1675826299
268,saint-francois,46.4154,3.9054,21.67,93,1,3.44,FR,1675826299
269,namatanai,-3.6667,152.4333,85.73,64,92,10.67,PG,1675826300
270,manakara,-22.1333,48.0167,72.36,91,100,4.36,MG,1675826300
271,novi sad,45.2517,19.8369,27.97,56,71,5.88,RS,1675826300
272,castro,-24.7911,-50.0119,61.5,95,71,5.26,BR,1675826301
273,pavelets,53.7883,39.246,8.15,98,72,3.58,RU,1675826301
274,constitucion,-35.3333,-72.4167,59.92,69,0,9.71,CL,1675826302
275,manokwari,-0.8667,134.0833,79.84,82,100,1.03,ID,1675826302
276,narsaq,60.9167,-46.05,-12.78,65,3,8.81,GL,1675826303
277,ozernovskiy,51.5,156.5167,17.55,83,100,2.13,RU,1675826303
278,myslenice,49.8338,19.9383,27.14,97,100,3.47,PL,1675826303
279,sao felix do xingu,-6.6447,-51.995,71.38,97,80,0.72,BR,1675826067
280,cabedelo,-6.9811,-34.8339,74.07,75,99,8.3,BR,1675826304
281,tezu,27.9167,96.1667,67.21,49,99,1.59,IN,1675826304
282,sechura,-5.5569,-80.8222,76.33,75,84,9.57,PE,1675826305
283,klaksvik,62.2266,-6.589,45.9,83,100,56.35,FO,1675826305
284,ciudad guayana,8.3533,-62.6528,73.53,97,2,6.15,VE,1675826306
285,svetlaya,46.5389,138.3297,18.7,47,15,13.27,RU,1675826306
286,montgomery,39.1501,-77.1997,49.55,72,40,1.99,US,1675826306
287,agadez,19.75,10.25,63.72,21,100,3.13,NE,1675826085
288,riyadh,24.6877,46.7219,53.74,42,24,4.92,SA,1675826273
289,gravdal,68.1214,13.5031,41.09,83,100,50.2,NO,1675826139
290,tukrah,32.5341,20.5791,52.09,62,95,8.21,LY,1675826307
291,kampen,52.555,5.9111,30.94,89,43,4.88,NL,1675826307
292,tandil,-37.3217,-59.1332,71.69,71,85,9.48,AR,1675826308
293,america dourada,-11.4553,-41.4361,69.93,62,82,6.82,BR,1675826308
294,beisfjord,68.3751,17.5988,41.05,86,100,11.34,NO,1675826308
295,tamworth,52.634,-1.6959,35.37,91,1,4.14,GB,1675826309
296,port macquarie,-31.4333,152.9167,77.14,59,73,7.87,AU,1675826309
297,grindavik,63.8424,-22.4338,27.07,59,75,31.07,IS,1675826084
298,nantucket,41.2835,-70.0995,37.54,79,40,13.8,US,1675826060
299,high level,58.5169,-117.136,30.31,55,0,5.75,CA,1675826310
300,hajduszovat,47.3833,21.4833,26.78,86,0,13.8,HU,1675826310
301,aklavik,68.2191,-135.0107,-20.29,96,100,7.65,CA,1675826245
302,bay roberts,47.5999,-53.2648,27.14,84,100,15.01,CA,1675826311
303,tautira,-17.7333,-149.15,80.2,60,5,4.34,PF,1675826311
304,luangwa,-15.6167,30.4167,69.21,97,2,0.4,ZM,1675826311
305,sayyan,15.1718,44.3244,50.2,65,17,0.85,YE,1675826312
306,katobu,-4.9408,122.5276,87.33,57,71,6.89,ID,1675826312
307,yumen,40.2833,97.2,30.9,46,27,14.97,CN,1675826149
308,mbarara,-0.608,30.65,64.85,62,93,1.3,UG,1675826312
309,teahupoo,-17.8333,-149.2667,80.56,60,7,4.21,PF,1675826313
310,soavinandriana,-19.1667,46.7333,56.25,90,99,5.66,MG,1675826313
311,lazaro cardenas,17.9583,-102.2,74.17,81,0,3.53,MX,1675826313
312,paciran,-6.8767,112.3761,78.26,86,100,8.5,ID,1675826314
313,baykit,61.67,96.37,5.07,97,100,1.95,RU,1675826314
314,sembakung,3.8167,117.25,72.7,98,100,0.49,ID,1675826303
315,ancud,-41.8697,-73.8203,56.28,93,2,4.25,CL,1675826315
316,ariquemes,-9.9133,-63.0408,71.78,97,82,0.4,BR,1675826036
317,sangar,63.9242,127.4739,-35.95,94,100,2.8,RU,1675826315
318,acajutla,13.5928,-89.8275,76.82,72,7,9.13,SV,1675826315
319,kita,13.0349,-9.4895,74.52,16,48,5.7,ML,1675826316
320,ikalamavony,-21.15,46.5833,63.75,91,78,5.21,MG,1675826316
321,chunhuhub,19.55,-88.6833,68.7,98,11,2.98,MX,1675826316
322,tripoli,32.8752,13.1875,54.46,67,100,24.81,LY,1675826317
323,sinnamary,5.3833,-52.95,75.24,91,61,9.37,GF,1675826317
324,clyde river,70.4692,-68.5914,-30.77,68,0,5.75,CA,1675826317
325,statesville,35.7826,-80.8873,54.63,50,0,4.61,US,1675826285
326,dafeng,23.4517,108.5881,58.84,96,100,2.55,CN,1675826318
327,rio cuarto,-33.1307,-64.3499,78.57,57,0,6.91,AR,1675826318
328,mazamari,-11.3258,-74.5308,68.32,98,71,2.1,PE,1675826319
329,saint-philippe,-21.3585,55.7679,80.19,83,89,13.35,RE,1675826319
330,kathu,7.9178,98.3332,84.02,70,40,8.61,TH,1675826319
331,boyuibe,-20.4167,-63.2833,66.92,95,100,3.04,BO,1675826320
332,tieli,46.95,128.05,8.92,84,93,3.49,CN,1675826320
333,kurchaloy,43.2018,46.0881,21.06,87,100,10.76,RU,1675826320
334,hasaki,35.7333,140.8333,52.2,67,100,20.62,JP,1675826321
335,torbay,47.6666,-52.7314,26.38,87,75,24.16,CA,1675826321
336,porto velho,-8.7619,-63.9039,77.05,94,40,2.3,BR,1675826143
337,tacoronte,28.4769,-16.4102,54.25,92,100,4.61,ES,1675826322
338,nago,26.5881,127.9761,70.65,73,46,11.56,JP,1675826322
339,filadelfia,39.9523,-75.1638,42.17,79,100,6.91,US,1675826220
340,miri,4.4148,114.0089,78.01,81,99,3.09,MY,1675826048
341,sobolevo,54.4299,31.8996,4.1,99,65,3.65,RU,1675826323
342,faanui,-16.4833,-151.75,81.07,72,24,12.24,PF,1675826323
343,bambous virieux,-20.3428,57.7575,79.05,83,40,11.5,MU,1675826239
344,farafangana,-22.8167,47.8333,73.17,90,100,3.6,MG,1675826066
345,muros,42.7762,-9.0603,43.09,80,36,16.31,ES,1675826324
346,sabha,27.0377,14.4283,51.93,40,97,12.48,LY,1675826324
347,ixtapa,20.7,-105.2,70.83,83,0,0.0,MX,1675826325
348,souillac,-20.5167,57.5167,77.83,81,37,14.79,MU,1675826041
349,kirakira,-10.4544,161.9205,82.33,83,100,9.42,SB,1675826325
350,sao miguel do araguaia,-13.275,-50.1628,72.97,89,66,2.26,BR,1675826326
351,maarianhamina,60.0973,19.9348,35.46,93,100,5.75,AX,1675826326
352,periyapatti,10.75,77.2667,76.21,63,41,6.44,IN,1675826326
353,port hedland,-20.3167,118.5667,95.05,49,14,11.5,AU,1675826327
354,severo-kurilsk,50.6789,156.125,24.91,55,15,9.57,RU,1675826327
355,letlhakeng,-24.0944,25.0298,66.24,84,100,4.97,BW,1675826327
356,usinsk,65.9939,57.5281,16.57,94,100,24.25,RU,1675826328
357,xixiang,35.1628,112.865,48.06,41,100,12.33,CN,1675826328
358,aykhal,66.0,111.5,-34.19,100,68,2.55,RU,1675826105
359,carauari,-4.8828,-66.8958,73.58,98,95,1.88,BR,1675826328
360,xiangxiang,27.7333,112.5333,48.09,91,100,3.06,CN,1675826329
361,yuli,9.6989,10.2744,69.64,25,7,6.17,NG,1675826329
362,chicama,-7.8447,-79.1469,72.14,75,53,4.7,PE,1675826330
363,batagay-alyta,67.8006,130.4114,-33.57,100,98,1.59,RU,1675826330
364,vao,-22.6667,167.4833,80.28,70,34,13.62,NC,1675826330
365,maryville,35.7565,-83.9705,56.48,55,20,5.75,US,1675826224
366,pangnirtung,66.1451,-65.7125,-29.18,84,5,5.23,CA,1675826331
367,sonoita,31.85,-112.8333,56.19,28,0,7.11,MX,1675826331
368,aksakovo,43.25,27.8167,29.53,80,34,6.91,BG,1675826332
369,celestun,20.8667,-90.4,78.58,67,22,13.31,MX,1675826332
370,balsas,-7.5325,-46.0356,74.03,90,99,2.19,BR,1675826332
371,miraflores,19.2167,-98.8083,65.03,54,0,3.36,MX,1675826333
372,cockburn town,21.4612,-71.1419,77.88,74,0,23.55,TC,1675826333
373,sibu,2.3,111.8167,84.51,79,40,4.61,MY,1675826333
374,quatre cocos,-20.2078,57.7625,78.91,80,38,15.39,MU,1675826334
375,moree,-29.4667,149.85,89.19,31,65,8.61,AU,1675826334
376,oni,42.5794,43.4425,24.78,92,100,3.6,GE,1675826334
377,saint-esteve,42.7131,2.843,47.55,87,20,5.75,FR,1675826335
378,norman,35.2226,-97.4395,40.64,94,100,12.66,US,1675826207
379,jadu,31.953,12.0261,45.63,63,98,21.99,LY,1675826335
380,moen,69.1304,18.6123,38.12,70,20,5.75,NO,1675826335
381,abramovka,51.1886,41.0202,7.05,94,21,9.33,RU,1675826336
382,pasni,25.2631,63.471,69.84,61,2,5.1,PK,1675826336
383,sola,-13.8833,167.55,84.87,84,100,0.0,VU,1675826336
384,waddan,29.1614,16.139,49.39,54,96,17.83,LY,1675826337
385,thaba-tseka,-29.522,28.6084,54.75,89,100,3.51,LS,1675826337
386,inhambane,-23.865,35.3833,77.52,88,7,5.86,MZ,1675826337
387,borovichi,58.3878,33.9155,24.57,91,100,9.51,RU,1675826338
388,mosquera,4.7059,-74.2302,55.49,76,40,3.44,CO,1675826338
389,waipawa,-41.4122,175.5153,67.87,58,20,3.83,NZ,1675826173
390,collie,-33.3667,116.15,83.68,32,0,5.53,AU,1675826339
391,mount gambier,-37.8333,140.7667,73.53,44,14,11.39,AU,1675826339
392,imbituba,-28.24,-48.6703,71.38,89,21,6.06,BR,1675826339
393,onega,63.9061,38.1404,31.5,98,100,10.42,RU,1675826340
394,shingu,33.7333,135.9833,59.05,35,5,5.53,JP,1675826043
395,moose factory,51.2585,-80.6094,3.2,66,0,12.66,CA,1675826340
396,shangrao,28.4532,117.9686,51.03,93,100,9.08,CN,1675826340
397,fortuna,40.5982,-124.1573,50.99,85,100,3.44,US,1675826264
398,nanortalik,60.1432,-45.2371,4.53,73,9,18.95,GL,1675826341
399,caravelas,-17.7125,-39.2481,76.82,83,6,7.0,BR,1675826334
400,dunedin,-45.8742,170.5036,61.25,46,71,17.72,NZ,1675826341
401,ibra,22.6906,58.5334,64.62,56,56,1.88,OM,1675826342
402,nioro,13.35,-15.75,73.53,19,27,7.49,GM,1675826291
403,rocha,-34.4833,-54.3333,69.21,82,28,7.67,UY,1675826342
404,mandurah,-32.55,115.7,82.06,52,0,9.6,AU,1675826343
405,isla vista,34.4133,-119.861,62.29,59,0,0.0,US,1675826329
406,yermakovskoye,53.2831,92.4003,15.62,93,100,3.44,RU,1675826344
407,taoudenni,22.6783,-3.9836,62.78,21,100,11.9,ML,1675826344
408,ambon,-3.6954,128.1814,91.54,55,20,10.36,ID,1675826324
409,talaya,61.3833,152.75,-30.64,94,99,1.97,RU,1675826345
410,lienz,46.8289,12.769,18.9,77,4,4.16,AT,1675826345
411,dmitriyevka,54.75,55.3333,-4.45,100,100,3.04,RU,1675826346
412,damaturu,11.747,11.9608,64.72,29,45,8.48,NG,1675826346
413,kupang,-10.1667,123.5833,88.38,74,40,11.5,ID,1675826348
414,saratoga springs,43.0831,-73.7846,37.18,79,85,3.0,US,1675826077
415,magistralnyy,56.1725,107.4458,5.11,91,100,4.81,RU,1675826350
416,todos santos,23.45,-110.2167,67.66,57,98,10.85,MX,1675826351
417,lichtenburg,-26.152,26.1597,60.62,91,100,6.55,ZA,1675826352
418,nowy dwor mazowiecki,52.4302,20.7165,31.28,88,75,4.61,PL,1675826353
419,haines junction,60.7522,-137.5108,11.61,99,31,4.03,CA,1675826114
420,cedar city,37.6775,-113.0619,29.39,86,0,4.61,US,1675825483
421,aswan,24.0934,32.907,48.88,44,30,9.42,EG,1675826354
422,bowen,-20.0167,148.2333,83.52,74,100,18.39,AU,1675826356
423,viedma,-40.8135,-62.9967,67.14,62,37,8.37,AR,1675826357
424,nortelandia,-14.4547,-56.8028,72.79,93,46,2.21,BR,1675826357
425,awbari,26.5921,12.7805,53.83,35,96,13.44,LY,1675826358
426,toamasina,-18.1667,49.3833,75.2,94,75,4.61,MG,1675826358
427,shar,49.5886,81.0453,-1.84,100,100,2.26,KZ,1675826359
428,wagar,16.1525,36.2032,64.38,72,3,16.6,SD,1675826360
429,harper,4.375,-7.7169,78.69,85,100,6.42,LR,1675826360
430,wanparti,16.3667,78.0667,76.44,48,68,2.59,IN,1675826362
431,mandalgovi,45.7625,106.2708,13.75,77,96,6.93,MN,1675826362
432,taltal,-25.4,-70.4833,70.5,79,7,4.03,CL,1675826364
433,guerrero negro,27.9769,-114.0611,62.38,35,0,7.54,MX,1675826262
434,provideniya,64.3833,-173.3,-3.89,71,100,6.71,RU,1675826368
435,yarada,17.65,83.2667,71.92,100,20,3.44,IN,1675826369
436,port blair,11.6667,92.75,82.44,69,40,10.36,IN,1675826371
437,porto san giorgio,43.1827,13.7934,37.99,63,36,4.23,IT,1675826372
438,puerto palomas,31.7667,-107.6167,45.37,46,35,11.56,MX,1675826373
439,banda aceh,5.5577,95.3222,81.43,76,99,11.54,ID,1675826374
440,corsicana,32.0954,-96.4689,57.74,93,100,6.91,US,1675826375
441,yudong,29.385,106.5194,57.79,75,100,1.68,CN,1675826376
442,benghazi,32.1167,20.0667,54.55,56,77,8.66,LY,1675826376
443,luderitz,-26.6481,15.1594,65.17,82,19,19.01,NA,1675826377
444,sioux lookout,50.1001,-91.917,17.67,73,40,8.05,CA,1675826205
445,new iberia,30.0035,-91.8187,69.87,86,72,6.96,US,1675826378
446,casino,-28.8667,153.05,81.79,54,100,5.97,AU,1675826378
447,hua hin,12.5707,99.9588,86.9,94,20,4.61,TH,1675826196
448,kumertau,52.7667,55.7833,-7.2,100,99,6.26,RU,1675826378
449,hue,16.4667,107.6,78.91,78,75,2.3,VN,1675826128
450,champerico,14.3,-91.9167,78.1,71,6,4.83,GT,1675826379
451,fare,-16.7,-151.0167,80.74,70,9,10.07,PF,1675826379
452,hofn,64.2539,-15.2082,32.85,60,100,18.3,IS,1675826214
453,onda,39.9667,-0.25,48.33,89,67,6.85,ES,1675826380
454,manaure,11.7751,-72.4445,76.95,77,0,17.07,CO,1675826380
455,igarka,67.4667,86.5833,-8.09,100,98,2.51,RU,1675826307
456,misratah,32.3754,15.0925,55.42,64,99,14.94,LY,1675826381
457,riverton,40.5219,-111.9391,34.34,81,0,4.61,US,1675826381
458,laval,45.57,-73.692,34.79,92,100,8.01,CA,1675825758
459,leh,34.1667,77.5833,-0.51,65,10,2.39,IN,1675826382
460,westport,41.1415,-73.3579,41.56,86,100,3.44,US,1675826382
461,raudeberg,61.9875,5.1352,43.95,74,90,35.79,NO,1675826334
462,belize,17.25,-88.75,73.72,99,45,3.18,BZ,1675826241
463,pemangkat,1.1667,108.9667,81.43,76,92,3.15,ID,1675826383
464,dzhebariki-khaya,62.2167,135.8,-34.83,95,97,1.41,RU,1675826383
465,yar-sale,66.8333,70.8333,6.31,83,100,21.79,RU,1675826383
466,omboue,-1.5746,9.2618,76.89,89,100,5.32,GA,1675826168
467,candido mendes,-1.4467,-45.7167,75.47,95,100,1.92,BR,1675826218
468,cameron park,38.6688,-120.9872,50.45,78,80,2.3,US,1675826092
469,lunglei,22.8833,92.7333,67.33,33,0,1.54,IN,1675826107
470,ustka,54.5805,16.8619,25.65,83,100,9.4,PL,1675826133
471,vila velha,-20.3297,-40.2925,76.95,90,40,2.3,BR,1675826385
472,kalabagh,32.965,71.557,59.54,30,100,2.33,PK,1675826385
473,vera cruz,-12.6333,-41.0333,67.57,71,1,5.28,BR,1675826385
474,necochea,-38.5473,-58.7368,72.23,77,13,14.14,AR,1675826386
475,hay river,60.8156,-115.7999,1.81,95,100,5.95,CA,1675826152
476,cabra,37.4725,-4.4421,43.61,90,100,1.52,ES,1675826386
477,uyar,55.81,94.3153,13.69,88,98,4.68,RU,1675826387
478,marau,-28.4492,-52.2,63.99,67,0,5.1,BR,1675826387
479,antofagasta,-23.65,-70.4,70.88,81,100,4.7,CL,1675826387
480,palana,59.1167,159.9667,-10.88,94,97,11.54,RU,1675826388
481,puerto del rosario,28.5004,-13.8627,55.15,76,0,8.05,ES,1675826388
482,novyy urengoy,66.0833,76.6333,-9.22,97,84,9.04,RU,1675826388
483,dhrangadhra,22.9833,71.4667,70.07,25,3,4.76,IN,1675826389
484,atambua,-9.1061,124.8925,82.08,71,48,4.36,ID,1675826389
485,rognan,67.0953,15.3878,42.94,83,97,11.56,NO,1675826390
486,taszar,46.3747,17.9059,25.48,63,6,3.53,HU,1675826390
487,chimore,-16.9833,-65.1333,71.92,99,100,1.74,BO,1675826390
488,venado tuerto,-33.7456,-61.9688,77.77,32,0,3.96,AR,1675826391
489,kashi,39.4547,75.9797,33.01,40,0,11.18,CN,1675826391
490,adamovka,51.5223,59.9396,-2.87,100,99,8.52,RU,1675826392
491,bathsheba,13.2167,-59.5167,75.81,88,40,11.5,BB,1675826392
492,makinsk,52.6292,70.4169,5.27,97,100,3.87,KZ,1675826392
493,pangody,65.85,74.4859,-5.85,95,81,11.61,RU,1675826393
494,el reno,35.5323,-97.955,39.96,87,100,12.66,US,1675826295
495,waingapu,-9.6567,120.2641,83.73,75,61,12.35,ID,1675826393
496,jinxiang,27.4327,120.6062,50.97,88,100,11.18,CN,1675826394
497,goderich,43.7501,-81.7165,35.92,87,100,9.22,CA,1675826394
498,praia da vitoria,38.7333,-27.0667,55.65,76,75,11.14,PT,1675826394
499,kabare,-2.4683,28.8242,61.07,88,89,1.86,CD,1675826395
500,vila franca do campo,37.7167,-25.4333,55.81,78,92,10.11,PT,1675826395
501,olinda,-8.0089,-34.8553,76.73,73,20,3.44,BR,1675826395
502,camacari,-12.6975,-38.3242,80.37,84,86,6.17,BR,1675826396
503,tabou,4.423,-7.3528,78.58,86,100,6.04,CI,1675826396
504,mogadishu,2.0371,45.3438,75.79,85,14,15.21,SO,1675826396
505,dodge city,37.7528,-100.0171,37.22,64,0,0.0,US,1675826397
506,sampit,-2.5333,112.95,88.43,59,100,2.53,ID,1675826397
507,iracoubo,5.4802,-53.2011,75.07,91,70,9.42,GF,1675826398
508,hyeres,43.1167,6.1167,45.73,64,75,8.05,FR,1675826398
509,pangoa,-12.1167,-73.0,68.09,99,63,0.83,PE,1675826398
510,sitka,57.0531,-135.33,35.49,80,75,5.75,US,1675826399
511,trairi,-3.2778,-39.2689,77.88,79,100,7.81,BR,1675826292
512,turcoaia,45.1167,28.1833,25.52,87,54,12.26,RO,1675826399
513,pierre,44.3683,-100.351,36.86,74,0,5.75,US,1675826243
514,balikpapan,-1.2675,116.8289,86.99,62,75,6.91,ID,1675826358
515,bama,11.5221,13.6856,66.43,46,39,5.88,NG,1675826162
516,santana,-0.0583,-51.1817,75.38,100,40,2.3,BR,1675826400
517,jalu,29.0331,21.5482,48.27,59,74,6.46,LY,1675826401
518,tura,25.5198,90.2201,68.07,41,96,1.9,IN,1675826401
519,dharchula,29.85,80.5333,55.42,20,0,4.38,IN,1675826403
520,ambo,-10.1308,-76.2047,59.94,93,56,3.13,PE,1675826404
521,havre-saint-pierre,50.2334,-63.5986,21.2,73,100,9.22,CA,1675826204
522,nara,34.6851,135.8049,52.92,55,43,9.84,JP,1675826406
523,egvekinot,66.3167,-179.1667,-22.11,87,87,9.13,RU,1675826407
524,garowe,8.4054,48.4845,65.7,92,44,6.67,SO,1675826424
525,nisia floresta,-6.0911,-35.2086,74.21,80,82,6.08,BR,1675826346
526,bethanien,-26.502,17.1583,70.16,56,30,4.12,NA,1675826426
527,asau,46.4333,26.4,22.12,96,98,4.83,RO,1675826431
528,dhidhdhoo,6.8833,73.1,80.2,72,59,8.88,MV,1675826433
529,alwar,27.5667,76.6,59.92,39,0,3.42,IN,1675826433
530,mayumba,-3.432,10.6554,76.66,87,94,2.93,GA,1675826434
531,kaitangata,-46.2817,169.8464,58.91,49,18,14.99,NZ,1675826434
532,beira,-19.8436,34.8389,77.09,100,20,4.61,MZ,1675826435
533,along,28.1667,94.7667,55.2,92,100,1.72,IN,1675826435
534,arima,10.6333,-61.2833,74.73,88,20,0.0,TT,1675826435
535,raglan,-37.8,174.8833,76.44,70,25,12.86,NZ,1675826437
536,uray,60.1247,64.7758,-5.94,100,98,6.04,RU,1675826438
537,kalemie,-5.9475,29.1947,69.37,81,100,3.62,CD,1675826438
538,santana do livramento,-30.8908,-55.5328,74.89,37,0,3.76,BR,1675826439
539,susanino,58.1461,41.5872,11.5,96,99,8.01,RU,1675826439
540,bonavista,48.6499,-53.1147,25.09,69,92,22.03,CA,1675826439
541,tyrma,50.0833,132.1667,-5.91,73,11,3.78,RU,1675826440
542,kinston,35.2627,-77.5816,52.12,71,0,8.05,US,1675826440
543,tuatapere,-46.1333,167.6833,56.8,56,58,16.2,NZ,1675826441
544,bukachacha,52.9833,116.9167,8.4,66,3,2.24,RU,1675826441
545,beitbridge,-22.2167,30.0,74.89,71,55,6.67,ZW,1675826442
546,russell,32.3502,-85.1999,61.83,81,0,0.0,US,1675826396
547,kabalo,-6.05,26.9167,67.68,96,100,3.69,CD,1675826442
548,juegang,32.3174,121.1855,47.98,68,97,12.5,CN,1675826443
549,saint anthony,45.0205,-93.218,29.82,81,0,6.91,US,1675826444
550,plattsburgh,44.6995,-73.4529,37.72,71,100,12.66,US,1675826444
551,grand gaube,-20.0064,57.6608,79.2,79,24,5.99,MU,1675826444
552,naliya,23.2667,68.8333,68.32,56,24,5.48,IN,1675826445
